Node,Degree Centrality,Betweenness Centrality,Closeness Centrality,Eigenvector Centrality
Malaysia,0.4,0.0,0.0,2.071221280637481e-06
Hungary,0.2,0.0,0.36,0.27639320231614783
United States of America,1.0,0.2,0.6,0.7236067977725859
Switzerland,0.4,0.0,0.44999999999999996,0.44721359545643796
China,0.4,0.0,0.44999999999999996,0.44721359545643796
Japan,0.4,0.0,0.0,2.071221280637481e-06
